City_ID,City,Lat,Lng,Max Temp,Humidity,Cloudiness,Wind Speed,Country,Date
0,hermanus,-34.4187,19.2345,18.78,91,95,11.54,ZA,1678033340
1,leh,34.1667,77.5833,-10.2,86,97,0.64,IN,1678033340
2,itarema,-2.9248,-39.9167,29.96,66,67,6.9,BR,1678033340
3,cidreira,-30.1811,-50.2056,24.73,82,47,6.17,BR,1678033340
4,busselton,-33.65,115.3333,13.92,87,0,4.63,AU,1678033340
5,albany,42.6001,-73.9662,4.05,70,99,0.45,US,1678033340
6,cairns,-16.9167,145.7667,24.97,100,75,4.63,AU,1678033224
7,shimoda,34.6667,138.95,7.84,87,96,5.98,JP,1678033341
8,dali,25.7,100.1833,10.01,56,0,2.8,CN,1678033341
9,ponta do sol,32.6667,-17.1,21.51,86,89,3.89,PT,1678033341
10,sao joao da barra,-21.6403,-41.0511,31.05,76,99,5.74,BR,1678033341
11,barrow,71.2906,-156.7887,-21.99,77,100,9.77,US,1678033341
12,disa,24.25,72.1667,26.28,28,5,3.68,IN,1678033341
13,mataura,-46.1927,168.8643,4.15,99,6,1.19,NZ,1678033341
14,sabang,5.8933,95.3214,27.84,71,0,9.66,ID,1678033341
15,vila velha,-20.3297,-40.2925,32.97,65,20,6.26,BR,1678033342
16,dikson,73.5069,80.5464,-33.17,100,77,0.29,RU,1678033342
17,san jeronimo,-11.9472,-75.2829,16.24,54,100,1.14,PE,1678033342
18,qaanaaq,77.484,-69.3632,-4.52,60,100,3.72,GL,1678033342
19,airai,-8.9266,125.4092,14.83,95,99,1.07,TL,1678033342
20,coffs harbour,-30.3,153.1333,22.98,73,7,6.69,AU,1678033342
21,kodiak,57.79,-152.4072,-6.27,86,0,1.54,US,1678033342
22,asau,46.4333,26.4,3.51,69,51,0.55,RO,1678033342
23,muros,42.7762,-9.0603,11.58,89,100,2.28,ES,1678033342
24,punta arenas,-53.15,-70.9167,8.06,93,100,5.14,CL,1678033343
25,miandrivazo,-19.5167,45.4667,25.1,87,95,4.61,MG,1678033343
26,glendive,47.1053,-104.7125,-2.21,86,100,7.2,US,1678033343
27,vestmannaeyjar,63.4427,-20.2734,4.55,81,75,6.17,IS,1678033343
28,vostok,46.4856,135.8833,-5.62,88,9,3.23,RU,1678033343
29,abu samrah,35.3029,37.1841,19.43,35,9,0.93,SY,1678033343
30,ushuaia,-54.8,-68.3,7.79,65,75,2.06,AR,1678033203
31,windhoek,-22.5594,17.0832,28.95,18,0,1.79,NA,1678033344
32,chapais,49.7834,-74.8492,-0.12,88,100,3.47,CA,1678033344
33,leningradskiy,69.3833,178.4167,-21.82,97,100,3.56,RU,1678033344
34,long xuyen,10.3833,105.4167,22.97,73,69,2.93,VN,1678033344
35,obo,5.3998,26.4869,32.94,30,92,1.35,CF,1678033344
36,isangel,-19.55,169.2667,25.12,88,11,3.17,VU,1678033344
37,avera,33.194,-82.5271,20.51,45,0,4.71,US,1678033344
38,sabzevar,36.2126,57.6819,17.01,33,4,1.89,IR,1678033345
39,puerto ayora,-0.7393,-90.3518,28.98,89,25,1.79,EC,1678033345
40,drabiv,49.963,32.1529,0.88,51,56,2.67,UA,1678033345
41,mosquera,4.7059,-74.2302,15.05,82,75,4.12,CO,1678033345
42,grindavik,63.8424,-22.4338,3.97,75,75,7.2,IS,1678033345
43,rikitea,-23.1203,-134.9692,26.33,76,100,7.92,PF,1678033345
44,tasiilaq,65.6145,-37.6368,-1.91,86,21,1.92,GL,1678033345
45,faya,18.3851,42.4509,21.06,52,47,3.19,SA,1678033345
46,mangan,27.5167,88.5333,18.56,69,99,1.7,IN,1678033346
47,ancud,-41.8697,-73.8203,15.68,93,100,5.3,CL,1678033346
48,mar del plata,-38.0023,-57.5575,28.24,75,40,4.63,AR,1678033135
49,taltal,-25.4,-70.4833,22.94,72,98,2.92,CL,1678033346
50,kapit,2.0167,112.9333,23.38,99,100,0.35,MY,1678033346
51,aklavik,68.2191,-135.0107,-34.0,68,0,2.06,CA,1678033346
52,lavrentiya,65.5833,-171.0,-1.82,97,100,10.39,RU,1678033346
53,nosy varika,-20.5833,48.5333,25.37,89,99,2.38,MG,1678033346
54,jamestown,42.097,-79.2353,3.07,100,100,4.12,US,1678033346
55,emerald,-23.5333,148.1667,20.19,81,0,4.05,AU,1678033347
56,mahebourg,-20.4081,57.7,26.25,94,75,0.0,MU,1678033347
57,chokurdakh,70.6333,147.9167,-44.68,100,53,1.2,RU,1678033347
58,provideniya,64.3833,-173.3,0.34,99,100,5.31,RU,1678033347
59,lompoc,34.6391,-120.4579,11.58,92,75,2.06,US,1678033347
60,salalah,17.0151,54.0924,27.05,65,0,1.54,OM,1678032885
61,batagay-alyta,67.8006,130.4114,-23.09,99,100,1.2,RU,1678033347
62,gamba,-2.65,10.0,28.05,75,66,3.94,GA,1678033347
63,karratha,-20.7377,116.8463,29.23,71,61,6.6,AU,1678033347
64,yellowknife,62.456,-114.3525,-30.71,76,75,2.57,CA,1678033348
65,victoria,22.2855,114.1577,19.1,74,0,5.81,HK,1678033334
66,san patricio,28.017,-97.5169,24.93,52,1,4.37,US,1678033348
67,inhambane,-23.865,35.3833,25.21,86,8,4.83,MZ,1678033348
68,avarua,-21.2078,-159.775,28.03,89,75,8.75,CK,1678033348
69,aksu,41.1231,80.2644,9.37,40,6,2.2,CN,1678033348
70,zhigansk,66.7697,123.3711,-17.94,95,100,3.79,RU,1678033349
71,cockburn town,21.4612,-71.1419,25.03,77,87,6.74,TC,1678033349
72,lebu,-37.6167,-73.65,18.44,73,0,6.55,CL,1678033349
73,bluff,-46.6,168.3333,8.69,82,4,4.05,NZ,1678033349
74,bethel,41.3712,-73.414,8.9,61,0,3.09,US,1678033349
75,kaitangata,-46.2817,169.8464,7.22,88,19,1.29,NZ,1678033349
76,mucurapo,10.6667,-61.5333,30.63,61,66,0.45,TT,1678033349
77,cochrane,51.1834,-114.4687,-11.93,75,100,3.6,CA,1678033349
78,yar-sale,66.8333,70.8333,-29.3,100,51,2.48,RU,1678033349
79,upernavik,72.7868,-56.1549,-5.43,87,100,5.59,GL,1678033350
80,tuktoyaktuk,69.4541,-133.0374,-36.0,68,0,2.06,CA,1678033350
81,traverse city,44.7631,-85.6206,4.11,75,40,1.54,US,1678033350
82,ulladulla,-35.35,150.4667,19.98,90,89,3.36,AU,1678033350
83,korla,41.7597,86.1469,8.52,42,14,1.49,CN,1678033350
84,diego de almagro,-26.3667,-70.05,27.38,26,100,3.35,CL,1678033350
85,pisco,-13.7,-76.2167,25.03,73,0,4.12,PE,1678033350
86,georgetown,5.4112,100.3354,27.96,70,20,4.12,MY,1678033351
87,awjilah,29.1081,21.2869,20.8,28,0,5.62,LY,1678033351
88,guerrero negro,27.9769,-114.0611,14.25,67,46,6.78,MX,1678033351
89,vaini,-21.2,-175.2,26.09,94,75,10.29,TO,1678033351
90,alofi,-19.0595,-169.9187,26.94,89,100,4.12,NU,1678033351
91,hilo,19.7297,-155.09,18.68,87,20,2.57,US,1678033351
92,idlib,35.9306,36.6339,16.18,41,67,2.21,SY,1678033351
93,ulaangom,49.9811,92.0667,-14.61,80,74,1.77,MN,1678033351
94,saint-philippe,-21.3585,55.7679,24.77,85,100,2.23,RE,1678033352
95,klaksvik,62.2266,-6.589,2.51,93,100,11.78,FO,1678033352
96,los llanos de aridane,28.6585,-17.9182,18.86,85,75,4.12,ES,1678033352
97,cabo san lucas,22.8909,-109.9124,22.25,51,0,1.03,MX,1678033352
98,ilulissat,69.2167,-51.1,-1.99,86,3,1.03,GL,1678033352
99,puerto penasco,31.3167,-113.5333,16.06,61,98,2.24,MX,1678033352
100,carnarvon,-24.8667,113.6333,25.37,70,0,11.51,AU,1678033352
101,tiksi,71.6872,128.8694,-19.6,100,100,1.19,RU,1678033352
102,katsuura,35.1333,140.3,10.0,90,100,4.16,JP,1678033353
103,pliska,43.3667,27.1167,8.9,53,98,3.07,BG,1678033353
104,butaritari,3.0707,172.7902,26.81,79,92,2.89,KI,1678033353
105,nampula,-15.1165,39.2666,23.21,92,99,1.35,MZ,1678033353
106,matay,28.419,30.7792,30.02,9,2,4.9,EG,1678033353
107,khatanga,71.9667,102.5,-31.4,100,99,2.4,RU,1678033353
108,meulaboh,4.1363,96.1285,24.83,86,17,2.02,ID,1678033353
109,tumarbong,10.3766,119.4579,23.44,87,29,2.29,PH,1678033353
110,port alfred,-33.5906,26.891,24.98,88,66,3.52,ZA,1678033354
111,cape town,-33.9258,18.4232,19.08,91,47,5.36,ZA,1678032824
112,hasaki,35.7333,140.8333,8.22,61,100,4.94,JP,1678033354
113,bredasdorp,-34.5322,20.0403,20.55,80,77,7.99,ZA,1678033354
114,ngunguru,-35.6167,174.5,15.39,88,23,3.78,NZ,1678033354
115,pevek,69.7008,170.3133,-36.95,100,39,2.94,RU,1678033354
116,new norfolk,-42.7826,147.0587,17.06,76,93,0.18,AU,1678033354
117,santiago de cao,-7.9589,-79.2392,25.07,83,97,4.12,PE,1678033354
118,castro,-24.7911,-50.0119,23.4,75,3,4.16,BR,1678033354
119,xining,36.6167,101.7667,3.1,38,94,0.13,CN,1678033355
120,ribeira grande,38.5167,-28.7,16.22,63,20,9.77,PT,1678033355
121,havoysund,70.9963,24.6622,-4.87,62,76,7.78,NO,1678033355
122,manta,-0.95,-80.7333,24.69,95,100,4.32,EC,1678033355
123,youghal,51.95,-7.8506,6.56,65,95,1.75,IE,1678033355
124,east london,-33.0153,27.9116,21.52,94,75,2.57,ZA,1678033288
125,ponta delgada,37.7333,-25.6667,16.4,63,20,8.75,PT,1678033306
126,raduzhnyy,62.0961,77.475,-12.91,98,95,2.39,RU,1678033355
127,cartagena,10.3997,-75.5144,29.79,74,40,8.23,CO,1678033244
128,phan thiet,10.9333,108.1,21.68,71,100,4.58,VN,1678033356
129,paris,48.8534,2.3488,7.82,68,100,1.03,FR,1678032904
130,adzope,6.1069,-3.8619,36.37,36,42,1.09,CI,1678033356
131,itoman,26.1247,127.6694,16.01,59,2,2.57,JP,1678033356
132,cherskiy,68.75,161.3,-34.98,100,96,2.4,RU,1678033356
133,ahipara,-35.1667,173.1667,16.64,80,60,4.57,NZ,1678033356
134,yenagoa,4.9247,6.2642,28.55,75,98,4.26,NG,1678033356
135,lorengau,-2.0226,147.2712,27.34,77,100,3.1,PG,1678033356
136,yakeshi,49.2833,120.7333,-15.09,97,57,1.43,CN,1678033357
137,deputatskiy,69.3,139.9,-30.27,100,100,0.65,RU,1678033357
138,hobart,-42.8794,147.3294,17.25,89,100,2.57,AU,1678033357
139,namie,37.4833,141.0,1.51,78,98,1.83,JP,1678033357
140,dingle,10.9995,122.6711,23.62,87,94,4.29,PH,1678033357
141,kailua,21.4022,-157.7394,20.99,96,39,1.09,US,1678033357
142,kungurtug,50.5994,97.5228,-14.67,94,21,1.07,RU,1678033357
143,paamiut,61.994,-49.6678,2.2,76,93,2.35,GL,1678033357
144,sitka,57.0531,-135.33,-3.06,43,0,3.6,US,1678033357
145,iqaluit,63.7506,-68.5145,-5.15,85,75,12.07,CA,1678033358
146,kanigiri,15.4,79.5167,23.83,56,0,2.78,IN,1678033358
147,motupe,-6.1519,-79.7142,30.68,52,81,2.11,PE,1678033358
148,barbate,36.1924,-5.9219,15.44,73,100,4.16,ES,1678033358
149,garh maharaja,30.8339,71.9053,22.23,30,0,2.35,PK,1678033358
150,nikolskoye,59.7035,30.7861,-2.06,98,100,0.08,RU,1678033358
151,brae,60.3964,-1.353,2.57,72,100,4.88,GB,1678033359
152,macau,22.2006,113.5461,21.03,77,0,4.63,MO,1678033346
153,nanortalik,60.1432,-45.2371,2.65,92,76,1.47,GL,1678033359
154,kangaatsiaq,68.3065,-53.4641,-6.51,88,61,4.58,GL,1678033359
155,kapaa,22.0752,-159.319,20.18,94,100,2.57,US,1678033360
156,baoro,5.6667,15.9667,37.47,15,76,4.08,CF,1678033360
157,ranong,9.9658,98.6348,23.05,89,13,2.34,TH,1678033360
158,denpasar,-8.65,115.2167,26.81,94,75,7.2,ID,1678033331
159,bushenyi,-0.5853,30.2114,22.85,56,100,2.52,UG,1678033360
160,eureka,40.8021,-124.1637,4.66,93,100,0.45,US,1678033360
161,mahajanga,-15.7167,46.3167,28.01,83,40,5.14,MG,1678033360
162,nabire,-3.3667,135.4833,24.27,91,100,1.28,ID,1678033360
163,santa maria,-29.6842,-53.8069,26.61,65,75,1.54,BR,1678033361
164,qinhuangdao,39.9317,119.5883,5.99,63,41,1.81,CN,1678033361
165,thompson,55.7435,-97.8558,-16.91,78,75,2.57,CA,1678033361
166,matara,5.9485,80.5353,25.88,78,30,4.73,LK,1678033361
167,abong mbang,3.9833,13.1833,31.27,32,100,0.66,CM,1678033361
168,vanimo,-2.6741,141.3028,24.64,92,100,3.05,PG,1678033361
169,arraial do cabo,-22.9661,-42.0278,34.98,70,0,3.6,BR,1678033361
170,lazaro cardenas,17.9583,-102.2,25.7,66,94,0.69,MX,1678033361
171,bambous virieux,-20.3428,57.7575,26.23,94,75,0.0,MU,1678033362
172,aplahoue,6.9333,1.6833,31.82,51,100,1.76,BJ,1678033362
173,bengkulu,-3.8004,102.2655,24.31,89,62,1.38,ID,1678033362
174,andenes,69.3143,16.1194,-5.04,79,40,4.63,NO,1678033362
175,luderitz,-26.6481,15.1594,19.73,66,0,6.29,NA,1678033362
176,clarksburg,39.2807,-80.3445,12.25,46,0,3.09,US,1678033362
177,vredendal,-31.6683,18.5012,20.57,63,0,6.81,ZA,1678033167
178,san salvo,42.0433,14.7272,12.28,66,5,0.96,IT,1678033362
179,ketchikan,55.3422,-131.6461,1.99,64,0,3.6,US,1678033362
180,nanjing,32.0617,118.7778,7.95,53,0,2.0,CN,1678033363
181,menongue,-14.6585,17.691,25.92,57,87,1.53,AO,1678033363
182,bonthe,7.5264,-12.505,28.47,70,97,3.94,SL,1678033363
183,port elizabeth,-33.918,25.5701,22.28,99,100,5.14,ZA,1678033363
184,ixtapa,20.7,-105.2,20.57,73,75,0.0,MX,1678033363
185,fortuna,40.5982,-124.1573,4.51,93,75,0.0,US,1678033363
186,yulara,-25.2406,130.9889,26.32,33,6,8.14,AU,1678033363
187,teguldet,57.3064,88.1667,-7.97,98,100,1.65,RU,1678033363
188,cururupu,-1.8283,-44.8683,31.16,57,77,3.43,BR,1678033364
189,matagami,49.7502,-77.6328,-2.94,68,100,4.63,CA,1678033364
190,atuona,-9.8,-139.0333,26.53,82,15,6.78,PF,1678033364
191,poya,-21.35,165.15,24.36,87,86,3.1,NC,1678033364
192,abu zabad,12.35,29.25,33.68,12,20,1.34,SD,1678033364
193,pichayevo,53.2363,42.2032,-1.66,87,100,7.7,RU,1678033364
194,solnechnyy,50.7214,136.6319,-4.89,92,77,2.61,RU,1678033364
195,petropavlovsk-kamchatskiy,53.0452,158.6483,-13.67,56,75,4.0,RU,1678033364
196,geraldton,-28.7667,114.6,20.23,73,0,6.69,AU,1678033365
197,dhidhdhoo,6.8833,73.1,27.43,75,35,3.61,MV,1678033365
198,severo-kurilsk,50.6789,156.125,-3.55,75,100,3.37,RU,1678033365
199,portland,45.5234,-122.6762,2.83,94,100,1.54,US,1678033332
200,seoul,37.5683,126.9778,0.69,36,0,0.89,KR,1678032662
201,mount gambier,-37.8333,140.7667,14.03,81,5,4.67,AU,1678033365
202,naze,28.3667,129.4833,14.51,64,60,3.21,JP,1678033365
203,haines junction,60.7522,-137.5108,-34.03,75,37,0.51,CA,1678033365
204,kamaishi,39.2667,141.8833,3.07,67,35,2.97,JP,1678033365
205,vardo,70.3705,31.1107,-10.01,85,100,4.63,NO,1678033366
206,sabha,27.0377,14.4283,22.52,11,3,3.76,LY,1678033366
207,coihaique,-45.5752,-72.0662,23.34,60,75,3.09,CL,1678033366
208,tanout,14.9709,8.8879,38.48,7,16,4.18,NE,1678033366
209,valavanur,11.9209,79.5824,23.11,79,73,3.46,IN,1678033366
210,cozumel,20.5083,-86.9458,29.04,61,40,3.58,MX,1678033366
211,davila,18.4726,120.5763,22.04,72,12,10.77,PH,1678033366
212,kholodnyy,62.7167,147.95,-37.78,100,81,0.99,RU,1678033367
213,lashio,22.9333,97.75,16.9,33,0,0.71,MM,1678033367
214,capreol,46.706,-80.9225,2.26,60,20,2.06,CA,1678033367
215,anadyr,64.75,177.4833,-25.56,75,100,13.0,RU,1678033367
216,cabedelo,-6.9811,-34.8339,31.37,66,84,5.73,BR,1678033367
217,biak,-0.9131,122.8766,24.83,76,98,2.17,ID,1678033367
218,hobbs,32.7026,-103.136,19.48,16,0,5.14,US,1678033368
219,hay river,60.8156,-115.7999,-25.01,70,75,4.12,CA,1678033368
220,sao filipe,14.8961,-24.4956,23.83,65,98,4.56,CV,1678033368
221,longyearbyen,78.2186,15.6401,-15.09,72,100,5.66,SJ,1678033368
222,villa rica,33.7321,-84.9191,18.66,39,0,3.27,US,1678033235
223,marang,5.2056,103.2059,25.95,81,99,3.34,MY,1678033368
224,hithadhoo,-0.6,73.0833,28.19,69,5,1.22,MV,1678033368
225,thessalon,46.2501,-83.5666,4.16,84,33,3.25,CA,1678033368
226,tiassale,5.8983,-4.8283,34.41,45,67,1.92,CI,1678033368
227,thinadhoo,0.5333,72.9333,28.02,69,15,1.08,MV,1678033369
228,touros,-5.1989,-35.4608,29.49,64,100,6.42,BR,1678033369
229,shenjiamen,29.9576,122.298,10.24,82,1,4.8,CN,1678033369
230,lagoa,39.05,-27.9833,13.77,67,25,11.81,PT,1678033369
231,shihezi,44.3,86.0333,-1.51,94,88,1.47,CN,1678033369
232,beringovskiy,63.05,179.3167,-19.31,88,98,3.37,RU,1678033369
233,torbay,47.6666,-52.7314,-1.73,60,20,4.63,CA,1678033369
234,banagher,53.1886,-7.9867,7.96,71,100,3.36,IE,1678033369
235,tessalit,20.1986,1.0114,32.3,6,100,5.3,ML,1678033369
236,grandview,38.8858,-94.533,14.77,65,0,6.17,US,1678033370
237,koshki,54.2091,50.4677,-2.4,88,97,10.25,RU,1678033370
238,payo,-3.7508,103.6372,22.49,97,49,1.14,ID,1678033370
239,buala,-8.145,159.5921,25.54,84,75,2.81,SB,1678033370
240,durban,-29.8579,31.0292,26.51,87,17,2.24,ZA,1678033160
241,oksfjord,70.2396,22.3479,-3.9,86,74,4.79,NO,1678033370
242,flinders,-34.5833,150.8552,21.77,86,42,0.89,AU,1678033370
243,cap malheureux,-19.9842,57.6142,26.37,83,100,8.02,MU,1678033370
244,queanbeyan,-35.35,149.2333,17.95,97,100,4.63,AU,1678033370
245,essau,13.4839,-16.5347,32.09,50,23,6.19,GM,1678033371
246,belaya gora,68.5333,146.4167,-40.69,100,95,0.79,RU,1678033371
247,gladstone,-23.85,151.25,21.96,73,1,1.54,AU,1678033371
248,srivardhan,18.0333,73.0167,27.04,57,13,1.89,IN,1678033371
249,bathsheba,13.2167,-59.5167,30.34,54,75,9.77,BB,1678033371
250,port hardy,50.6996,-127.4199,5.0,81,75,2.06,CA,1678033371
251,kirakira,-10.4544,161.9205,25.87,84,96,3.37,SB,1678033371
252,the valley,18.217,-63.0578,28.92,65,20,5.66,AI,1678033371
253,namibe,-15.1961,12.1522,24.07,61,0,5.02,AO,1678033372
254,saldanha,-33.0117,17.9442,19.56,82,15,3.88,ZA,1678033372
255,inta,66.0317,60.1659,-22.45,98,88,1.5,RU,1678033372
256,yashkino,55.8736,85.4265,-6.64,94,100,1.93,RU,1678033372
257,develi,38.3906,35.4922,12.64,52,100,5.86,TR,1678033372
258,parys,48.8534,2.3488,7.43,68,100,1.54,FR,1678033209
259,tutoia,-2.7619,-42.2744,28.33,75,77,5.7,BR,1678033372
260,sohbatpur,28.5202,68.5434,24.86,27,2,1.62,PK,1678033372
261,auki,-8.7676,160.7034,25.47,86,96,3.14,SB,1678033372
262,agucadoura,41.4318,-8.7804,11.31,84,99,2.49,PT,1678033373
263,clyde river,70.4692,-68.5914,-13.87,85,100,6.69,CA,1678033373
264,bandarbeyla,9.4942,50.8122,25.41,74,0,6.31,SO,1678033373
265,kruisfontein,-34.0033,24.7314,21.05,95,98,6.5,ZA,1678033373
266,pouembout,-21.1333,164.9,24.17,88,63,2.37,NC,1678033373
267,parral,26.9333,-105.6667,16.91,11,0,1.14,MX,1678033373
268,pacifica,37.6138,-122.4869,9.21,77,20,7.2,US,1678033373
269,chornukhy,50.2673,32.942,0.27,57,60,3.04,UA,1678033373
270,adrar,20.5022,-10.0711,32.04,9,0,3.19,MR,1678033373
271,oeiras,-7.0253,-42.1311,37.83,28,31,2.24,BR,1678033374
272,port hedland,-20.3167,118.5667,30.03,79,4,4.63,AU,1678033374
273,kutum,14.2,24.6667,27.97,8,0,4.46,SD,1678033374
274,hokitika,-42.7167,170.9667,10.76,73,0,2.58,NZ,1678033374
275,kahului,20.8947,-156.47,20.47,94,22,1.34,US,1678033374
276,dubbo,-32.25,148.6167,24.07,53,59,4.63,AU,1678033374
277,bat khela,34.6167,71.9714,16.87,44,0,2.48,PK,1678033375
278,sinnamary,5.3833,-52.95,26.58,83,100,6.17,GF,1678033375
279,ust-tsilma,65.441,52.1498,-19.76,100,80,1.17,RU,1678033375
280,bulgan,48.8125,103.5347,-2.97,57,68,0.56,MN,1678033375
281,carballo,43.213,-8.691,13.2,71,89,0.64,ES,1678033375
282,wanning,18.8003,110.3967,18.77,78,19,2.4,CN,1678033375
283,marechal floriano,-20.4128,-40.6831,29.14,38,100,2.31,BR,1678033375
284,half moon bay,37.4636,-122.4286,9.01,84,75,7.2,US,1678033376
285,saint-pierre,-21.3393,55.4781,26.62,94,100,1.54,RE,1678033128
286,plesoiu,44.4667,24.2667,9.38,63,50,2.56,RO,1678033376
287,lazarev,52.225,141.5131,-3.89,90,96,1.99,RU,1678033376
288,eydhafushi,5.1033,73.0708,27.28,78,99,5.55,MV,1678033376
289,clonakilty,51.6231,-8.8706,6.56,59,100,1.3,IE,1678033376
290,charagua,-19.8,-63.2167,31.76,38,47,1.45,BO,1678033376
291,wiang sa,8.6359,99.3666,22.0,90,6,1.5,TH,1678033376
292,salisbury,51.0693,-1.7957,5.92,71,100,4.12,GB,1678033376
293,bubaque,11.2833,-15.8333,24.62,64,15,4.1,GW,1678033377
294,laguna,38.421,-121.4238,7.38,90,40,6.69,US,1678033377
295,alice springs,-23.7,133.8833,22.75,35,0,2.06,AU,1678033377
296,oistins,13.0667,-59.5333,30.05,54,75,9.77,BB,1678033377
297,batemans bay,-35.7167,150.1833,21.17,93,61,3.25,AU,1678033377
298,souillac,-20.5167,57.5167,25.21,94,75,0.0,MU,1678033377
299,pilar,-9.5972,-35.9567,30.96,49,57,4.74,BR,1678033377
300,tezu,27.9167,96.1667,21.8,40,79,1.91,IN,1678033377
301,channel-port aux basques,47.5702,-59.1367,-4.77,85,96,12.34,CA,1678033378
302,kiama,-34.6833,150.8667,22.78,87,57,2.68,AU,1678033378
303,norman wells,65.282,-126.8329,-35.98,68,20,1.54,CA,1678033378
304,beya,53.0533,90.9139,-6.35,90,100,1.01,RU,1678033378
305,ewa beach,21.3156,-158.0072,20.97,90,75,1.54,US,1678033378
306,reinosa,42.9996,-4.138,6.92,58,31,1.87,ES,1678033378
307,grand gaube,-20.0064,57.6608,26.32,83,100,8.01,MU,1678033378
308,dumai,1.6833,101.45,22.3,97,88,1.2,ID,1678033378
309,vila franca do campo,37.7167,-25.4333,16.23,64,10,7.29,PT,1678033379
310,mweka,-4.85,21.5667,26.95,65,96,1.53,CD,1678033379
311,necochea,-38.5473,-58.7368,30.32,33,0,2.99,AR,1678033349
312,odweyne,9.4092,45.064,24.3,44,6,7.12,SO,1678033379
313,ayan,56.45,138.1667,-13.67,90,100,1.81,RU,1678033379
314,sabya,17.1495,42.6254,27.79,66,1,3.45,SA,1678033379
315,yelatma,54.9675,41.7508,-4.02,94,100,4.58,RU,1678033379
316,rio gallegos,-51.6226,-69.2181,11.03,82,100,3.6,AR,1678033229
317,gazanjyk,39.2446,55.5154,16.77,50,73,4.8,TM,1678033380
318,comodoro rivadavia,-45.8667,-67.5,28.92,32,0,9.26,AR,1678033380
319,labytnangi,66.6572,66.4183,-28.81,100,82,1.1,RU,1678033380
320,faanui,-16.4833,-151.75,28.47,72,100,7.16,PF,1678033380
321,khon buri,14.5254,102.2459,27.23,49,0,1.25,TH,1678033380
322,yara,20.2753,-76.9533,32.22,36,8,4.99,CU,1678033380
323,nome,64.5011,-165.4064,-1.96,93,100,9.77,US,1678033380
324,codrington,-38.2667,141.9667,14.62,81,52,6.94,AU,1678033381
325,ostrovnoy,68.0531,39.5131,-12.69,91,100,3.2,RU,1678033381
326,nouadhibou,20.931,-17.0347,24.99,53,9,7.2,MR,1678033381
327,saint anthony,45.0205,-93.218,1.17,73,75,4.12,US,1678033381
328,nioro,13.35,-15.75,39.68,10,37,1.18,GM,1678033381
329,narsaq,60.9167,-46.05,11.12,81,79,2.9,GL,1678033381
330,cayenne,4.9333,-52.3333,30.02,70,75,7.72,GF,1678033381
331,lloydminster,53.2835,-110.0016,-21.88,77,75,2.57,CA,1678033381
332,port-gentil,-0.7193,8.7815,29.98,74,40,7.72,GA,1678033382
333,tramandai,-29.9847,-50.1336,24.54,85,58,5.27,BR,1678033382
334,sorland,67.667,12.6934,-2.08,61,100,10.36,NO,1678033382
335,gay,51.4666,58.4552,1.29,87,98,9.64,RU,1678033382
336,sarkikaraagac,38.0794,31.3664,7.84,70,100,6.6,TR,1678033382
337,simoes,-7.5989,-40.8178,35.63,29,28,3.2,BR,1678033382
338,carndonagh,55.25,-7.2667,9.03,86,95,3.03,IE,1678033382
339,hirara,24.8,125.2833,18.68,52,1,6.42,JP,1678033382
340,galesong,-5.3166,119.3661,24.01,85,100,3.6,ID,1678033382
341,kaeo,-35.1,173.7833,13.51,92,18,2.2,NZ,1678033383
342,poum,-20.2333,164.0167,25.66,81,82,4.85,NC,1678033383
343,general roca,-39.0333,-67.5833,35.35,20,0,4.29,AR,1678033383
344,concepcion,-36.827,-73.0498,22.89,43,0,4.12,CL,1678033328
345,burnie,-41.0667,145.9167,16.92,99,100,5.2,AU,1678033383
346,pangody,65.85,74.4859,-28.09,100,78,2.82,RU,1678033383
347,port lincoln,-34.7333,135.8667,15.92,76,0,4.03,AU,1678033383
348,gizo,-8.103,156.8419,26.73,78,91,3.13,SB,1678033383
349,amarkantak,22.6667,81.75,20.11,27,47,1.93,IN,1678033383
350,hobyo,5.3505,48.5268,26.1,79,9,8.0,SO,1678033384
351,sohag,26.557,31.6948,31.53,9,12,3.69,EG,1678033146
352,chuy,-33.6971,-53.4616,27.28,57,41,4.23,UY,1678033384
353,sola,-13.8833,167.55,26.24,81,100,12.59,VU,1678033384
354,surin,14.8818,103.4936,26.63,73,0,5.77,TH,1678033384
355,gilgit,35.9221,74.3087,5.06,67,15,1.61,PK,1678033384
356,bulancak,40.9372,38.2291,9.9,93,75,1.54,TR,1678033247
357,husavik,66.0449,-17.3389,-2.85,71,100,3.8,IS,1678033384
358,boyolangu,-8.1181,111.8935,24.01,88,100,1.23,ID,1678033384
359,groton,41.3501,-72.0784,8.17,55,20,6.69,US,1678033384
360,alihe,50.5667,123.7167,-5.29,82,5,2.18,CN,1678033385
361,aykhal,66.0,111.5,-23.71,99,100,4.15,RU,1678033385
362,hunterville,-39.9333,175.5667,11.5,97,100,3.39,NZ,1678033385
363,piacabucu,-10.4056,-36.4344,31.08,51,2,6.05,BR,1678033385
364,narasannapeta,18.4167,84.05,23.85,66,0,2.63,IN,1678033385
365,shubarkuduk,49.1447,56.4872,-0.31,90,60,7.53,KZ,1678033385
366,ulaanbaatar,47.9077,106.8832,-4.93,80,0,0.0,MN,1678033157
367,gidam,18.9833,81.4,23.19,20,0,0.45,IN,1678033385
368,shuyskoye,59.3736,41.0305,-7.18,95,99,2.47,RU,1678033385
369,san-pedro,4.7485,-6.6363,29.67,65,44,4.22,CI,1678033386
370,acapulco,16.8634,-99.8901,28.9,61,75,0.0,MX,1678033305
371,elizabeth city,36.2946,-76.2511,15.59,51,0,2.24,US,1678033386
372,puerto carreno,6.189,-67.4859,33.99,46,0,1.54,CO,1678033386
373,qom,34.6401,50.8764,19.64,26,88,6.1,IR,1678033334
374,rundu,-17.9333,19.7667,28.7,39,79,4.36,NA,1678033249
375,arinos,-15.9169,-46.1056,34.15,29,100,0.16,BR,1678033386
376,tambopata,-12.7333,-69.1833,29.94,70,75,2.57,PE,1678033386
377,chabahar,25.2919,60.643,24.28,71,0,4.14,IR,1678033386
378,tabas,33.5959,56.9244,22.01,22,1,3.31,IR,1678033386
379,oum hadjer,13.2954,19.6966,37.8,6,68,6.04,TD,1678033387
380,kasane,-17.8167,25.15,31.05,48,0,2.06,BW,1678033387
381,pyay,18.8167,95.2167,24.73,26,0,1.89,MM,1678033387
382,tautira,-17.7333,-149.15,26.43,84,99,6.74,PF,1678033387
383,beira,-19.8436,34.8389,29.05,79,20,3.6,MZ,1678033387
384,leirvik,59.7798,5.5005,3.13,64,40,4.63,NO,1678033387
385,arlit,18.7369,7.3853,37.62,6,65,4.93,NE,1678033387
386,antalaha,-14.9003,50.2788,25.82,87,79,0.9,MG,1678033387
387,kavieng,-2.5744,150.7967,26.88,77,100,3.29,PG,1678033387
388,dekar,-21.5333,21.9333,28.49,41,56,5.96,BW,1678033388
389,bintulu,3.1667,113.0333,25.23,94,20,1.03,MY,1678033388
390,la grande,45.3246,-118.0877,-0.43,90,95,1.76,US,1678033388
391,shu,43.5983,73.7614,11.1,64,100,4.21,KZ,1678033388
392,saskylakh,71.9167,114.0833,-28.58,99,100,2.03,RU,1678033388
393,san cristobal,7.7669,-72.225,29.1,62,95,2.87,VE,1678033388
394,dunedin,-45.8742,170.5036,9.89,80,4,1.53,NZ,1678033388
395,coahuayana,18.7333,-103.6833,26.06,56,100,1.24,MX,1678033389
396,champasak,14.75,106.0,20.69,55,2,1.35,LA,1678033389
397,umm kaddadah,13.6017,26.6876,31.82,10,0,4.75,SD,1678033389
398,coquimbo,-29.9533,-71.3436,18.85,82,100,3.09,CL,1678033326
399,riyadh,24.6877,46.7219,28.08,16,36,2.75,SA,1678033005
400,zaysan,47.4667,84.8667,0.55,89,100,0.34,KZ,1678033389
401,fare,-16.7,-151.0167,28.45,71,100,7.24,PF,1678033389
402,shagonar,51.5333,92.8,-12.91,95,95,0.54,RU,1678033389
403,dutse,11.7594,9.3392,39.39,8,14,5.43,NG,1678033390
404,muscat,23.6139,58.5922,25.01,65,0,1.23,OM,1678032978
405,porto santo,33.072,-16.3415,21.21,73,20,8.75,PT,1678033390
406,huarmey,-10.0681,-78.1522,25.53,72,97,3.55,PE,1678033390
407,katobu,-4.9408,122.5276,24.05,92,100,1.28,ID,1678033390
408,planegg,48.1,11.4167,3.52,70,100,3.6,DE,1678033390
409,lima,-12.0432,-77.0282,25.14,65,0,3.09,PE,1678033330
410,kaliua,-5.0606,31.7936,22.29,85,85,0.37,TZ,1678033390
411,villa union,23.2,-106.2333,19.98,45,0,0.0,MX,1678033390
412,shiraoi,42.55,141.35,-0.9,82,3,3.51,JP,1678033391
413,myszkow,50.5752,19.3246,1.41,77,100,5.92,PL,1678033391
414,calbuco,-41.768,-73.1273,19.56,71,100,2.8,CL,1678033391
415,north bend,43.4065,-124.2243,1.95,99,100,0.0,US,1678033391
416,padang,-0.9492,100.3543,26.03,89,100,2.03,ID,1678033391
417,basco,20.4487,121.9702,22.76,55,94,9.21,PH,1678033391
418,quatre cocos,-20.2078,57.7625,26.16,88,100,5.23,MU,1678033391
419,dauphin,51.1494,-100.0502,-8.92,67,100,0.0,CA,1678033392
420,port macquarie,-31.4333,152.9167,18.27,85,9,6.07,AU,1678033392
421,qitaihe,45.8,130.85,2.22,69,90,4.11,CN,1678033392
422,istria,44.5667,28.7167,4.53,75,83,3.63,RO,1678033392
423,hamilton,39.1834,-84.5333,12.67,57,0,3.09,US,1678033392
424,mingyue,43.1069,128.9217,1.95,72,46,1.16,CN,1678033392
425,disna,55.568,28.1971,-1.78,87,100,4.41,BY,1678033392
426,shenxian,36.2411,115.6672,12.81,37,0,4.17,CN,1678033392
427,betong,5.7743,101.0723,18.5,96,90,1.47,TH,1678033392
428,amet,25.3,73.9333,22.95,29,46,1.19,IN,1678033393
429,warmbad,-28.45,18.7333,24.93,27,0,8.1,NA,1678033393
430,ust-kuyga,70.0167,135.6,-20.67,100,100,1.45,RU,1678033393
431,ahuimanu,21.4447,-157.8378,20.84,96,40,0.0,US,1678033393
432,mandurah,-32.55,115.7,17.73,74,0,7.14,AU,1678033393
433,tuatapere,-46.1333,167.6833,5.37,95,13,2.18,NZ,1678033393
434,lahaina,20.8783,-156.6825,20.45,94,11,0.94,US,1678033393
435,witu,-2.3889,40.4382,27.09,77,89,5.87,KE,1678033393
436,qasigiannguit,68.8193,-51.1922,-1.86,84,10,0.92,GL,1678033394
437,abu kamal,34.4506,40.9171,24.29,18,100,5.29,SY,1678033394
438,mayo,38.8876,-76.5119,15.97,48,0,4.02,US,1678033394
439,piet retief,-27.0071,30.8132,19.48,95,93,2.31,ZA,1678033394
440,hambantota,6.1241,81.1185,26.34,77,60,7.34,LK,1678033394
441,biltine,14.5333,20.9167,35.13,6,1,6.52,TD,1678033394
442,tshikapa,-6.4167,20.8,27.76,71,97,2.02,CD,1678033394
443,san ignacio,17.1561,-89.0714,28.08,74,40,3.09,BZ,1678033257
444,leshukonskoye,64.8989,45.7622,-14.91,99,94,1.42,RU,1678033394
445,raudeberg,61.9875,5.1352,-0.63,70,100,6.26,NO,1678033395
446,omboue,-1.5746,9.2618,28.77,73,79,4.45,GA,1678033395
447,ambovombe,-25.1667,46.0833,22.45,93,100,8.58,MG,1678033395
448,preobrazheniye,42.9019,133.9064,-0.29,93,5,3.36,RU,1678033226
449,la ronge,55.1001,-105.2842,-22.86,64,20,5.66,CA,1678033395
450,westport,41.1415,-73.3579,10.15,59,0,4.63,US,1678033395
451,akcaabat,41.0212,39.5715,13.93,67,75,2.57,TR,1678033290
452,gornopravdinsk,60.05,69.9,-4.77,97,100,2.34,RU,1678033395
453,kourou,5.1552,-52.6478,30.03,80,100,5.38,GF,1678033220
454,yerbogachen,61.2767,108.0108,-17.48,93,73,4.49,RU,1678033396
455,maniitsoq,65.4167,-52.9,1.93,77,38,2.92,GL,1678033396
456,sur,22.5667,59.5289,25.48,56,2,2.64,OM,1678033396
457,komsomolskiy,40.4272,71.7189,10.4,71,95,2.06,UZ,1678033396
458,fort nelson,58.8053,-122.7002,-26.23,82,20,0.0,CA,1678033201
459,plaster rock,46.9065,-67.39,1.44,88,65,5.75,CA,1678033396
460,sovetskaya gavan,48.9723,140.2878,-1.49,79,100,3.24,RU,1678033396
461,kiruna,67.8557,20.2251,-10.49,73,100,2.57,SE,1678033397
462,kota kinabalu,5.9749,116.0724,25.49,94,20,1.54,MY,1678033397
463,rawson,-43.3002,-65.1023,29.67,30,6,7.7,AR,1678033397
464,shieli,44.1667,66.75,7.96,73,26,4.01,KZ,1678033397
465,marsabit,2.3284,37.9899,26.59,30,76,7.05,KE,1678033397
466,saint george,37.1041,-113.5841,10.53,44,0,2.06,US,1678033397
467,jinchang,38.4953,102.1739,5.28,30,12,1.14,CN,1678033397
468,srednekolymsk,67.45,153.6833,-42.91,100,54,1.91,RU,1678033398
469,northam,51.0333,-4.2167,5.9,72,100,4.72,GB,1678033398
470,port blair,11.6667,92.75,26.61,72,0,4.78,IN,1678033398
471,muret,43.3333,1.25,12.69,50,4,0.89,FR,1678033398
472,gazojak,41.1875,61.4036,13.98,44,100,4.82,TM,1678033398
473,xuanhua,40.6103,115.0447,8.58,24,0,2.09,CN,1678033398
474,sioux lookout,50.1001,-91.917,-4.96,74,20,1.54,CA,1678033398
475,domna,51.8971,113.1573,-7.91,52,16,3.0,RU,1678033399
476,bawal,28.0833,76.5833,22.4,28,0,3.44,IN,1678033399
477,lejanias,3.5251,-74.0216,26.55,66,94,2.77,CO,1678033399
478,puerto baquerizo moreno,-0.9,-89.6,27.55,78,20,3.6,EC,1678033399
479,banjarmasin,-3.3244,114.591,22.51,95,96,0.64,ID,1678033399
480,pacific grove,36.6177,-121.9166,8.06,86,100,3.13,US,1678033399
481,lahij,13.1667,44.5833,23.86,58,2,3.38,YE,1678033399
482,galle,6.0367,80.217,25.64,81,31,3.81,LK,1678033399
483,mandalay,21.9747,96.0836,26.55,18,0,2.15,MM,1678033281
484,asfi,32.2994,-9.2372,17.01,61,100,5.13,MA,1678033237
485,acarau,-2.8856,-40.12,29.59,69,72,7.22,BR,1678033400
486,ossora,59.2353,163.0719,-24.89,93,100,2.16,RU,1678033400
487,hays,30.0502,-98.0336,19.65,79,0,3.58,US,1678033400
488,quesnel,52.9999,-122.5029,-12.72,61,100,6.17,CA,1678033400
489,alta floresta,-9.8756,-56.0861,30.28,67,60,1.16,BR,1678033400
490,muriti,-1.9833,32.9167,24.75,62,94,2.63,TZ,1678033400
491,henties bay,-22.116,14.2845,19.47,77,0,8.43,NA,1678033400
492,kirillov,59.863,38.3813,-8.98,97,100,1.41,RU,1678033180
493,vangaindrano,-23.35,47.6,23.73,93,100,2.32,MG,1678033401
494,bingol,38.8847,40.4939,7.56,78,100,2.36,TR,1678033401
495,tual,-5.6667,132.75,27.37,79,100,8.67,ID,1678033401
496,tamugan,7.2308,125.3764,23.69,93,85,0.46,PH,1678033401
497,durango,24.8333,-104.8333,15.95,11,0,1.05,MX,1678033329
498,te anau,-45.4167,167.7167,5.0,95,10,0.61,NZ,1678033401
499,tombouctou,20.0,-3.0,34.74,6,79,4.15,ML,1678033401
500,haimen,23.1935,116.6142,12.94,67,0,6.96,CN,1678033401
501,beisfjord,68.3751,17.5988,-5.97,82,81,1.51,NO,1678033401
502,gedo,9.0167,37.45,17.59,43,96,2.04,ET,1678033402
503,mormugao,15.4,73.8,26.74,67,0,4.36,IN,1678033402
504,wencheng,33.0559,113.7978,15.16,44,0,2.76,CN,1678033402
505,san juan de uraba,8.7592,-76.5297,29.01,71,87,5.01,CO,1678033402
506,margate,51.3813,1.3862,5.5,67,100,1.34,GB,1678033168
507,hami,42.8,93.45,8.8,30,0,2.28,CN,1678033402
508,lewiston,44.1003,-70.2148,4.19,72,0,2.06,US,1678033402
509,mocuba,-16.8392,36.9856,26.15,78,99,1.87,MZ,1678033402
510,axim,4.8699,-2.2405,29.48,66,20,5.04,GH,1678033402
511,udachnyy,66.4167,112.4,-22.84,95,100,6.35,RU,1678033403
512,affery,6.315,-3.9603,36.6,35,33,1.25,CI,1678033403
513,buchanan,5.8808,-10.0467,29.39,70,62,4.41,LR,1678033403
514,sisimiut,66.9395,-53.6735,1.52,69,71,5.72,GL,1678033403
515,tiznit,29.5833,-9.5,19.51,54,7,4.14,MA,1678033304
516,port saint lucie,27.2939,-80.3503,30.01,63,0,2.06,US,1678033403
517,pangnirtung,66.1451,-65.7125,0.88,77,99,3.71,CA,1678033403
518,lucea,18.451,-78.1736,28.92,63,8,3.29,JM,1678033403
519,daru,-9.0763,143.2092,24.81,89,100,5.02,PG,1678033404
520,maragogi,-9.0122,-35.2225,29.86,58,21,5.16,BR,1678033404
521,ballinrobe,53.6333,-9.2333,9.06,67,95,4.52,IE,1678033404
522,esperance,-33.8667,121.9,17.43,73,0,5.27,AU,1678033404
523,ziro,27.6333,93.8333,8.23,87,72,1.71,IN,1678033404
524,coolum beach,-26.5333,153.1,21.73,92,22,1.42,AU,1678033404
525,manali,13.1667,80.2667,27.05,71,64,3.16,IN,1678033404
526,sokoni,-6.4333,39.55,27.5,76,87,8.88,TZ,1678033404
527,kavaratti,10.5669,72.642,28.03,65,0,2.97,IN,1678033404
528,gwadar,25.1216,62.3254,24.63,66,1,4.44,PK,1678033405
529,culiacan,24.7994,-107.3897,18.82,48,0,0.0,MX,1678033405
530,viedma,-40.8135,-62.9967,33.14,15,24,7.21,AR,1678033393
531,talnakh,69.4865,88.3972,-26.0,98,100,2.68,RU,1678033405
532,namatanai,-3.6667,152.4333,26.3,82,100,3.2,PG,1678033405
533,tairua,-37.0167,175.85,17.78,90,98,2.35,NZ,1678033405
534,wahiawa,21.5028,-158.0236,19.18,89,40,0.0,US,1678033405
535,port augusta,-32.5,137.7667,16.86,76,0,5.01,AU,1678033405
536,waipawa,-41.4122,175.5153,10.73,79,95,3.55,NZ,1678033405
537,bosaso,11.2842,49.1816,25.47,74,1,3.91,SO,1678033406
538,bikin,46.8161,134.26,-3.99,94,51,2.87,RU,1678033406
539,shamary,57.3434,58.2199,-1.7,96,100,4.47,RU,1678033406
540,nemuro,43.3236,145.575,-0.64,85,5,3.79,JP,1678033406
541,rio claro,-22.4114,-47.5614,27.73,67,18,3.54,BR,1678033331
542,nishihara,26.1842,127.7558,15.6,59,0,2.57,JP,1678033406
543,dauriya,49.9333,116.8667,-7.97,93,95,2.07,RU,1678033406
544,babushkin,51.7122,105.8647,-9.98,92,83,2.92,RU,1678033406
545,marabba,12.35,32.1833,36.82,13,14,2.04,SD,1678033407
546,portobelo,9.55,-79.65,27.11,77,84,6.28,PA,1678033407
547,tahta,26.7693,31.5021,32.02,9,26,4.16,EG,1678033407
548,ciawi,-7.5117,107.9767,19.52,94,100,1.47,ID,1678033407
549,isla vista,34.4133,-119.861,11.28,87,75,0.0,US,1678033407
550,roald,62.5833,6.1333,2.64,86,75,1.03,NO,1678033407
551,corralillo,22.9819,-80.5856,28.91,51,6,4.77,CU,1678033407
552,zalantun,48.0,122.7167,0.54,63,84,5.46,CN,1678033407
553,areka,7.0667,37.7,23.33,37,80,1.59,ET,1678033408
554,edd,13.9297,41.6925,31.99,34,5,9.15,ER,1678033408
555,savannah bight,16.45,-85.85,26.02,76,5,8.12,HN,1678033408
556,pitkyaranta,61.5734,31.4792,-5.36,95,100,3.33,RU,1678033266
557,salinopolis,-0.6136,-47.3561,27.07,85,100,4.36,BR,1678033408
558,lac du bonnet,50.2536,-96.0612,-6.89,86,100,2.28,CA,1678033408
559,sukumo,32.9333,132.7333,6.96,76,0,1.9,JP,1678033408
560,sirjan,29.452,55.6814,16.89,24,0,3.12,IR,1678033408
561,kwinana,-32.25,115.7667,18.98,69,0,1.34,AU,1678033409
562,high level,58.5169,-117.136,-26.94,83,20,0.0,CA,1678033409
563,arman,59.7,150.1667,-18.47,83,100,3.73,RU,1678033409
564,sao jose da coroa grande,-8.8978,-35.1478,29.81,58,31,4.83,BR,1678033409
565,mbala,-8.8402,31.3659,18.55,86,98,0.75,ZM,1678033409
566,nantucket,41.2835,-70.0995,6.08,73,40,4.63,US,1678033409
567,iracoubo,5.4802,-53.2011,26.4,83,100,6.0,GF,1678033410
568,gobabis,-22.45,18.9667,32.37,14,22,5.25,NA,1678033410
569,blagoyevo,63.3667,47.9167,-20.48,100,40,1.51,RU,1678033410
570,zhezkazgan,47.8043,67.7144,-0.19,84,100,5.28,KZ,1678033410
571,calahorra,42.3051,-1.9652,14.99,36,19,0.38,ES,1678033410
572,rio grande,-32.035,-52.0986,29.06,65,19,5.78,BR,1678033410
573,malanje,-9.5402,16.341,24.38,68,100,1.19,AO,1678033410
574,plettenberg bay,-34.0527,23.3716,19.43,92,94,6.69,ZA,1678033410
575,acolla,-11.7319,-75.5463,15.72,49,100,1.3,PE,1678033411
